{
    "products":[
        {
            "id":32,
            "name":"Deven Carroll DDS",
            "image":"https://lorempixel.com/640/480/cats?95559",
            "cate_id":3,
            "price":2000
        },
        {
            "id":33,
            "name":"Deven Carroll 2",
            "image":"https://lorempixel.com/640/480/cats?95559",
            "cate_id":3,
            "price":3000
        },
        {
            "id":34,
            "name":"Deven Carroll 3",
            "image":"https://lorempixel.com/640/480/cats?95559",
            "cate_id":5,
            "price":5000
        },
        {
            "id":35,
            "name":"Deven Carroll 44",
            "image":"https://lorempixel.com/640/480/cats?95559",
            "cate_id":2,
            "price":83653
        },
        {
            "id":36,
            "name":"Deven Carroll D23",
            "image":"https://lorempixel.com/640/480/cats?95559",
            "cate_id":6,
            "price":84750
        }
    ]
}